Model,MAE,RMSE,MAPE,Forecast Month 1,Forecast Month 2,Forecast Month 3
SARIMA,12761.897279746547,17461.161997408504,33.02745741461934,54982.91912142764,42670.12152659561,67741.34533998821
Prophet,5770.415946835783,7272.004220487433,14.482661932135365,69352.20948910067,112411.17477061696,95255.12468880047
XGBoost,15198.94893263889,18341.533068307417,21.032588628477466,42298.27734375,42304.38671875,42402.36328125
